content:NhanVien,,,,,,,,,
ten_nv,anh_ca_nhan,so_cccd,ngay_sinh,dia_chi,so_dien_thoai,email,trinh_do_hoc_van,kinh_nghiem_lam_viec,vi_tri_cong_viec
Lê Ngọc Anh,/media/nhanvien/1.jpg,79000000001,3/15/2001,"K271 Trường Chinh, quận Cẩm Lệ, TP Đà Nẵng",0901234567,nhanvien1@example.com,Đại học,2,Giáo viên
Lê Ngọc Mai,/media/nhanvien/2.jpg,79000000002,7/22/1998,"K271 Lê Hiến Mai, quận Cẩm Lệ, TP Đà Nẵng",0938765432,nhanvien2@example.com,Cao đẳng,5,Giáo viên
Đình Bảo Châu,/media/nhanvien/3.jpg,79000000003,12/10/1997,"K271 Vũ Lăng, quận Cẩm Lệ, TP Đà Nẵng",0869112233,nhanvien3@example.com,Trung cấp,3,Giáo viên
Lê Mai Lan,/media/nhanvien/4.jpg,79000000004,5/5/1994,"K271 Lê Trọng Tấn, quận Cẩm Lệ, TP Đà Nẵng",0777889900,nhanvien4@example.com,Đại học,8,Giáo viên
Nguyễn Gia Hân,/media/nhanvien/5.jpg,79000000005,8/28/2002,"1775 Phước Tường, quận Cẩm Lệ, TP Đà Nẵng",0325556666,nhanvien5@example.com,Đại học,1,Giáo viên
Hoàng Lĩnh Châu,/media/nhanvien/6.jpg,79000000006,4/2/2002,"1258 Trường Chinh, quận Cẩm Lệ, TP Đà Nẵng",0589990000,nhanvien6@example.com,Đại học,2,Giáo viên
Mai Ngọc Bảo,/media/nhanvien/7.jpg,79000000007,11/19/2001,"K20 Tôn Đản, quận Cẩm Lệ, TP Đà Nẵng",0914445555,nhanvien7@example.com,Đại học,5,Giáo viên
Lê Ngọc An,/media/nhanvien/8.jpg,79000000008,6/8/2000,"K271 Trường Chinh, quận Cẩm Lệ, TP Đà Nẵng",0947778888,nhanvien8@example.com,Đại học,3,Giáo viên
Lê Ngọc Đào,/media/nhanvien/9.jpg,79000000009,9/30/1999,"K271 Lê Hiến Mai, quận Cẩm Lệ, TP Đà Nẵng",0896667777,nhanvien9@example.com,Đại học,8,Giáo viên
Đình Bảo Hân,/media/nhanvien/10.jpg,79000000010,2/14/1996,"K271 Vũ Lăng, quận Cẩm Lệ, TP Đà Nẵng",0371112222,nhanvien10@example.com,Đại học,1,Giáo viên
Lê Thị Lan,/media/nhanvien/11.jpg,79000000011,10/25/1995,"K271 Lê Trọng Tấn, quận Cẩm Lệ, TP Đà Nẵng",0562223333,nhanvien11@example.com,Đại học,2,Giáo viên
Nguyễn Gia Bảo,/media/nhanvien/12.jpg,79000000012,7/3/1993,"1775 Phước Tường, quận Cẩm Lệ, TP Đà Nẵng",0928889999,nhanvien12@example.com,Cao đẳng,5,Giáo viên
Nguyễn Lĩnh Châu,/media/nhanvien/13.jpg,79000000013,8/28/2002,"1258 Trường Chình, quận Cẩm Lệ, TP Đà Nẵng",0963334444,nhanvien13@example.com,Trung cấp,3,Giáo viên
Trần Minh Nguyệt,/media/nhanvien/14.jpg,79000000014,4/2/2002,"K177 Lê Trọng Tấn, quận Cẩm Lệ, TP Đà Nẵng",0885556666,nhanvien14@example.com,Đại học,8,Giáo viên
Mai Ngọc Sảo,/media/nhanvien/15.jpg,79000000015,11/19/2001,"K20 Tôn Đán, quận Cẩm Lệ, TP Đà Nẵng",0392223333,nhanvien15@example.com,Đại học,1,Kế toán
Đình Ngọc Châu,/media/nhanvien/16.jpg,79000000016,6/8/2000,"K271 Vũ Lăng, quận Cẩm Lệ, TP Đà Nẳng",0794445555,nhanvien16@example.com,Đại học,2,Marketing
Lê Văn Hưu,/media/nhanvien/17.jpg,79000000017,9/30/1999,"K271 Lê Trọng Tấn, quận Cẩm Lệ, TP Đà Nẵng",0597778888,nhanvien17@example.com,Đại học,5,Quản lý
Chung Thị Siêu,/media/nhanvien/18.jpg,79000000018,2/14/1996,"1025 Trường Chinh, quận Cẩm Lệ, TP Đà Nẵng",0971112222,nhanvien18@example.com,Trung cấp,3,Giáo viên
Triệu Thị Hường,/media/nhanvien/19.jpg,79000000019,10/25/1995,"K31 Lê Hiến Mai, quận Cẩm Lệ, TP Đà Nẵng",0873334444,nhanvien19@example.com,Đại học,8,Giáo viên
Hứa Thị Uyên,/media/nhanvien/20.jpg,79000000020,6/8/2000,"21 Vũ Lăng, quận Cẩm Lệ, TP Đà Nẵng",0349990000,nhanvien20@example.com,Đại học,1,Giáo viên
,,,,,,,,,
,,,,,,,,,
content:HopDongLaoDong,,,,,,,,,
nhan_vien,loai_hop_dong,thoi_han_hop_dong,ngay_vao_lam,muc_luong,trang_thai_hop_dong,,,,
1,Hợp đồng có thời hạn,5 năm,3/27/2022,6000000,Đang còn hiệu lực,,,,
2,Hợp đồng có thời hạn,5 năm,3/27/2023,7000000,Đang còn hiệu lực,,,,
3,Hợp đồng có thời hạn,5 năm,3/27/2021,6000000,Đang còn hiệu lực,,,,
4,Hợp đồng có thời hạn,5 năm,3/27/2020,5500000,Đang còn hiệu lực,,,,
5,Hợp đồng có thời hạn,5 năm,3/26/2024,7500000,Đang còn hiệu lực,,,,
6,Hợp đồng có thời hạn,5 năm,3/27/2022,5000000,Đang còn hiệu lực,,,,
7,Hợp đồng có thời hạn,5 năm,3/27/2023,7000000,Đang còn hiệu lực,,,,
8,Hợp đồng có thời hạn,3 năm,9/26/2022,6000000,Đang còn hiệu lực,,,,
9,Hợp đồng có thời hạn,5 năm,4/26/2020,5500000,Đang còn hiệu lực,,,,
10,Hợp đồng có thời hạn,3 năm,3/27/2022,7500000,Sắp hết hạn,,,,
11,Hợp đồng có thời hạn,5 năm,3/26/2024,5000000,Đang còn hiệu lực,,,,
12,Hợp đồng có thời hạn,5 năm,5/26/2020,7000000,Sắp hết hạn,,,,
13,Hợp đồng có thời hạn,5 năm,3/27/2022,6000000,Đang còn hiệu lực,,,,
14,Hợp đồng có thời hạn,5 năm,3/27/2020,5500000,Đã chấm dứt,,,,
15,Hợp đồng có thời hạn,5 năm,3/27/2021,7500000,Sắp hết hạn,,,,
16,Hợp đồng thử việc,2 tháng,3/27/2025,5000000,Đang còn hiệu lực,,,,
17,Hợp đồng có thời hạn,12 tháng,5/30/2024,7000000,Sắp hết hạn,,,,
18,Hợp đồng thử việc,2 tháng,2/27/2025,6000000,Sắp hết hạn,,,,
19,Hợp đồng có thời hạn,12 tháng,3/21/2024,5500000,Đã chấm dứt,,,,
20,Hợp đồng thử việc,2 tháng,1/27/2025,7500000,Đã chấm dứt,,,,
,,,,,,,,,
,,,,,,,,,
content:BHXH,,,,,,,,,
nhan_vien,ma_bhxh,nhan_vien_dong,truong_dong,thoi_gian_bat_dau,,,,,
1,4821028001,10.5,21.5,4/1/2022,,,,,
2,4821028002,10.5,21.5,4/1/2022,,,,,
3,4821028003,10.5,21.5,4/1/2022,,,,,
4,4821028004,10.5,21.5,4/1/2022,,,,,
5,4821028005,10.5,21.5,4/1/2022,,,,,
6,4821028006,10.5,21.5,4/1/2022,,,,,
7,4821028007,10.5,21.5,4/1/2022,,,,,
8,4821028008,10.5,21.5,10/1/2022,,,,,
9,4821028009,10.5,21.5,5/1/2020,,,,,
10,4821028010,10.5,21.5,4/1/2022,,,,,
11,4821028011,10.5,21.5,4/1/2024,,,,,
12,4821028012,10.5,21.5,6/1/2020,,,,,
13,4821028013,10.5,21.5,6/1/2020,,,,,
14,4821028014,10.5,21.5,4/1/2020,,,,,
15,4821028015,10.5,21.5,4/1/2021,,,,,
17,4821028017,10.5,21.5,6/1/2024,,,,,
19,4821028019,10.5,21.5,4/1/2024,,,,,
,,,,,,,,,
content:KyLuat,,,,,,,,,
nhan_vien,ngay_bat_dau,muc_do,ly_do,,,,,,
1,1/1/2025,Kỷ luật 3 tháng,Đi làm muộn liên tục trong tháng,,,,,,
2,1/2/2025,Phạt tiền,Không nộp báo cáo công việc đúng hạn,,,,,,
3,1/3/2025,Kỷ luật 6 tháng,Gây mất đoàn kết trong nhóm,,,,,,
5,1/4/2025,Kỷ luật 3 tháng,Nghỉ làm không xin phép trước,,,,,,
3,1/5/2025,Phạt tiền,Sử dụng tài sản công ty sai mục đích,,,,,,
11,1/6/2025,Kỷ luật 6 tháng,Làm hỏng thiết bị do bất cẩn,,,,,,
14,1/7/2025,Kỷ luật 3 tháng,Không tuân thủ chỉ đạo của quản lý,,,,,,
18,1/8/2025,Phạt tiền,Trễ hạn nộp dự án được giao,,,,,,
9,1/9/2025,Kỷ luật 6 tháng,Tiết lộ thông tin nội bộ ra ngoài,,,,,,
2,1/10/2025,Kỷ luật 3 tháng,Không tham gia khóa đào tạo bắt buộc,,,,,,
19,1/11/2025,Phạt tiền,Vi phạm quy định về giờ làm việc,,,,,,
,,,,,,,,,
,,,,,,,,,
,,,,,,,,,
,,,,,,,,,
,,,,,,,,,
,,,,,,,,,
,,,,,,,,,
,,,,,,,,,
,,,,,,,,,
content:KhenThuong,,,,,,,,,
nhan_vien,ngay_khen_thuong,gia_tri,ly_do,,,,,,
8,2/1/2025,100,Hoàn thành vượt mức chỉ tiêu tháng,,,,,,
7,2/2/2025,50,Hỗ trợ nhóm đạt tiến độ dự án,,,,,,
3,2/3/2025,150,Đạt doanh thu cao nhất quý,,,,,,
4,2/4/2025,300,Đề xuất cải tiến quy trình làm việc,,,,,,
2,2/5/2025,70,Hỗ trợ đào tạo nhân viên mới hiệu quả,,,,,,
1,2/6/2025,120,Hoàn thành dự án lớn trước thời hạn,,,,,,
6,2/7/2025,400,Tham gia tích cực trong hoạt động nội bộ,,,,,,
11,2/8/2025,500,Đảm bảo chất lượng công việc xuất sắc,,,,,,
14,2/9/2025,200,Đạt giải thưởng nhân viên xuất sắc năm,,,,,,
1,2/10/2025,200,Hỗ trợ khách hàng giải quyết vấn đề nhanh,,,,,,
8,2/11/2025,100,Thực hiện thành công nhiệm vụ khó,,,,,,
20,2/12/2025,100,Đảm bảo tiến độ dự án quan trọng,,,,,,
14,2/13/2025,300,Tham gia tổ chức sự kiện công ty thành công,,,,,,
17,2/14/2025,150,Đạt KPI vượt trội trong tháng,,,,,,
11,2/15/2025,500,Hỗ trợ nhóm hoàn thành báo cáo đúng hạn,,,,,,
2,2/16/2025,200,Đề xuất ý tưởng sáng tạo được áp dụng,,,,,,
8,2/17/2025,100,Hoàn thành công việc với chất lượng cao,,,,,,
4,2/18/2025,200,Hỗ trợ tổ chức hội thảo nội bộ thành công,,,,,,
9,2/19/2025,120,Đạt thành tích cá nhân nổi bật trong quý,,,,,,
3,2/20/2025,400,Tham gia tích cực vào hoạt động từ thiện,,,,,,
,,,,,,,,,
content:NghiPhep,,,,,,,,,
nhan_vien,loai_nghi,ngay_bat_dau,ngay_ket_thuc,ly_do,ngay_tao_don,trang_thai_don,ghi_chu,,
2,Nghỉ ốm,5/10/2024,5/12/2024,"Bị sốt cao, cần nghỉ ngơi",5/8/2024,Đã duyệt,,,
3,Nghỉ phép năm,7/15/2024,7/20/2024,Đi du lịch với gia đình,7/1/2024,Đã duyệt,,,
11,Nghỉ phép năm,9/5/2024,9/10/2024,Tham gia khóa học đào tạo,8/20/2024,Bị từ chối,Không có nhân sự thay thế,,
12,Nghỉ ốm,11/20/2024,11/22/2024,"Đau dạ dày, cần nghỉ ngơi",11/18/2024,Đã duyệt,,,
17,Nghỉ phép năm,3/30/2025,4/2/2025,Về quê thăm gia đình,3/25/2025,Đã duyệt,,,
18,Nghỉ ốm,6/15/2024,6/17/2024,"Tai nạn nhẹ, cần nghỉ dưỡng",6/12/2024,Đã duyệt,,,
20,Nghỉ phép năm,4/10/2025,4/15/2025,Tham gia sự kiện cá nhân,3/28/2025,Đã duyệt,,,
3,Nghỉ phép năm,8/20/2024,8/23/2024,Chăm sóc người thân ốm,8/15/2024,Bị từ chối,Không đủ nhân sự thay thế,,
14,Nghỉ ốm,10/25/2024,10/28/2024,Nghỉ phục hồi sức khỏe sau mổ,10/20/2024,Đã duyệt,,,
2,Nghỉ phép năm,3/25/2025,3/28/2025,Công việc cá nhân,3/20/2025,Đã duyệt,,,
15,Nghỉ ốm,4/10/2024,4/12/2024,"Cảm cúm, cần nghỉ ngơi",4/8/2024,Đã duyệt,,,
17,Nghỉ phép năm,12/15/2024,12/20/2024,Đi nghỉ mát cùng gia đình,12/5/2024,Đã duyệt,,,
19,Nghỉ ốm,2/12/2025,2/14/2025,Nghỉ dưỡng bệnh,2/10/2025,Đã duyệt,,,
11,Nghỉ phép năm,9/10/2024,9/15/2024,Du lịch đầu năm,9/1/2024,Đã duyệt,,,
14,Nghỉ ốm,7/25/2024,7/27/2024,"Đau lưng, không thể đi làm",7/22/2024,Bị từ chối,Không có giấy chứng nhận y tế,,
5,Nghỉ phép năm,2/20/2025,2/23/2025,Công việc cá nhân,2/15/2025,Đã duyệt,,,
8,Nghỉ ốm,3/1/2024,3/3/2024,Nghỉ do bệnh hô hấp,2/27/2024,Đã duyệt,,,
3,Nghỉ phép năm,11/5/2024,11/10/2024,Nghỉ tuần trăng mật,10/25/2024,Đã duyệt,,,
9,Nghỉ ốm,1/5/2024,1/8/2024,"Phẫu thuật nhỏ, cần nghỉ dưỡng",12/28/2023,Đã duyệt,,,
,,,,,,,,,
,,,,,,,,,
,,,,,,,,,
content:ChamCong,,,,,,,,,
id_nv,gio_vao,gio_ra,ngay,trang_thai,,,,,
1,6:48,16:58,2/1/2024,0,,,,,
1,6:54,16:44,2/2/2024,0,,,,,
1,,,2/3/2024,1,,,,,
1,6:58,17:19,2/4/2024,0,,,,,
1,6:48,16:35,2/5/2024,0,,,,,
1,7:17,17:51,2/6/2024,2,,,,,
1,6:54,17:27,2/7/2024,0,,,,,
1,6:54,17:46,2/8/2024,0,,,,,
1,6:53,17:57,2/9/2024,0,,,,,
1,6:41,17:00,2/10/2024,0,,,,,
1,6:56,16:35,2/11/2024,0,,,,,
1,6:47,17:43,2/12/2024,0,,,,,
1,6:36,16:36,2/13/2024,0,,,,,
1,6:49,16:39,2/14/2024,0,,,,,
1,6:46,16:50,2/15/2024,0,,,,,
1,6:56,17:18,2/16/2024,0,,,,,
1,6:46,17:35,2/17/2024,0,,,,,
1,6:41,17:04,2/18/2024,0,,,,,
1,6:55,17:50,2/19/2024,0,,,,,
1,6:51,17:54,2/20/2024,0,,,,,
1,6:38,17:42,2/21/2024,0,,,,,
1,6:34,16:34,2/22/2024,0,,,,,
1,7:29,17:24,2/23/2024,2,,,,,
1,6:31,16:55,2/24/2024,0,,,,,
1,6:31,17:23,2/25/2024,0,,,,,
1,6:56,17:30,2/26/2024,0,,,,,
1,6:58,17:59,2/27/2024,0,,,,,
1,6:55,17:48,2/28/2024,0,,,,,
1,6:40,17:07,3/1/2024,0,,,,,
1,7:00,17:14,3/2/2024,2,,,,,
1,6:30,17:22,3/3/2024,0,,,,,
1,7:00,16:45,3/4/2024,2,,,,,
1,6:53,17:07,3/5/2024,0,,,,,
1,6:43,16:38,3/6/2024,0,,,,,
1,6:59,17:01,3/7/2024,0,,,,,
1,6:37,17:28,3/8/2024,0,,,,,
1,6:38,17:41,3/9/2024,0,,,,,
1,6:48,17:25,3/10/2024,0,,,,,
1,6:44,17:53,3/11/2024,0,,,,,
1,6:41,17:09,3/12/2024,0,,,,,
1,6:57,16:51,3/13/2024,0,,,,,
1,6:35,17:25,3/14/2024,0,,,,,
1,6:32,17:10,3/15/2024,0,,,,,
1,6:50,16:45,3/16/2024,0,,,,,
1,6:40,16:52,3/17/2024,0,,,,,
1,6:35,17:34,3/18/2024,0,,,,,
1,6:38,16:45,3/19/2024,0,,,,,
1,6:41,17:21,3/20/2024,0,,,,,
1,6:53,17:58,3/21/2024,0,,,,,
1,6:44,16:55,3/22/2024,0,,,,,
1,6:32,17:43,3/23/2024,0,,,,,
1,6:54,16:32,3/24/2024,0,,,,,
1,6:44,16:44,3/25/2024,0,,,,,
1,6:35,17:55,3/26/2024,0,,,,,
1,6:43,17:14,3/27/2024,0,,,,,
1,6:50,17:49,3/28/2024,0,,,,,
1,6:55,16:44,3/29/2024,0,,,,,
1,6:37,17:01,3/30/2024,0,,,,,
1,6:48,17:07,3/31/2024,0,,,,,
2,6:38,16:41,2/1/2024,0,,,,,
2,6:42,17:27,2/2/2024,0,,,,,
2,6:55,16:38,2/3/2024,0,,,,,
2,6:56,17:09,2/4/2024,0,,,,,
2,6:46,17:28,2/5/2024,0,,,,,
2,6:39,17:40,2/6/2024,0,,,,,
2,6:47,16:46,2/7/2024,0,,,,,
2,6:32,17:36,2/8/2024,0,,,,,
2,6:44,17:31,2/9/2024,0,,,,,
2,6:50,17:57,2/10/2024,0,,,,,
2,6:36,17:06,2/11/2024,0,,,,,
2,6:48,17:44,2/12/2024,0,,,,,
2,7:00,16:33,2/13/2024,2,,,,,
2,,,2/14/2024,1,,,,,
2,6:39,17:01,2/15/2024,0,,,,,
2,6:39,17:28,2/16/2024,0,,,,,
2,6:41,17:03,2/17/2024,0,,,,,
2,6:31,17:38,2/18/2024,0,,,,,
2,6:54,17:50,2/19/2024,0,,,,,
2,6:35,16:57,2/20/2024,0,,,,,
2,6:58,17:52,2/21/2024,0,,,,,
2,6:55,16:44,2/22/2024,0,,,,,
2,6:40,17:54,2/23/2024,0,,,,,
2,6:51,17:55,2/24/2024,0,,,,,
2,6:30,17:08,2/25/2024,0,,,,,
2,6:39,17:58,2/26/2024,0,,,,,
2,6:50,17:08,2/27/2024,0,,,,,
2,6:53,17:36,2/28/2024,0,,,,,
2,6:43,16:40,3/1/2024,0,,,,,
2,6:43,17:54,3/2/2024,0,,,,,
2,6:58,17:34,3/3/2024,0,,,,,
2,6:57,17:48,3/4/2024,0,,,,,
2,6:47,16:30,3/5/2024,0,,,,,
2,7:04,16:50,3/6/2024,2,,,,,
2,6:51,17:43,3/7/2024,0,,,,,
2,6:51,17:18,3/8/2024,0,,,,,
2,6:37,17:08,3/9/2024,0,,,,,
2,6:45,17:39,3/10/2024,0,,,,,
2,6:58,17:55,3/11/2024,0,,,,,
2,6:54,17:07,3/12/2024,0,,,,,
2,6:55,17:31,3/13/2024,0,,,,,
2,6:59,17:17,3/14/2024,0,,,,,
2,6:30,17:53,3/15/2024,0,,,,,
2,6:33,17:19,3/16/2024,0,,,,,
2,6:49,17:35,3/17/2024,0,,,,,
2,6:47,17:16,3/18/2024,0,,,,,
2,6:56,17:10,3/19/2024,0,,,,,
2,6:52,17:47,3/20/2024,0,,,,,
2,6:31,16:46,3/21/2024,0,,,,,
2,6:51,17:51,3/22/2024,0,,,,,
2,6:36,17:47,3/23/2024,0,,,,,
2,6:56,17:54,3/24/2024,0,,,,,
2,6:37,17:08,3/25/2024,0,,,,,
2,6:46,17:04,3/26/2024,0,,,,,
2,6:36,17:28,3/27/2024,0,,,,,
2,6:33,16:31,3/28/2024,0,,,,,
2,6:45,17:24,3/29/2024,0,,,,,
2,6:43,17:36,3/30/2024,0,,,,,
2,6:44,17:11,3/31/2024,0,,,,,
3,6:37,17:26,2/1/2024,0,,,,,
3,6:31,16:52,2/2/2024,0,,,,,
3,6:54,17:27,2/3/2024,0,,,,,
3,6:52,17:17,2/4/2024,0,,,,,
3,6:36,16:35,2/5/2024,0,,,,,
3,6:34,16:52,2/6/2024,0,,,,,
3,6:33,17:57,2/7/2024,0,,,,,
3,6:30,17:12,2/8/2024,0,,,,,
3,6:54,17:13,2/9/2024,0,,,,,
3,6:49,17:57,2/10/2024,0,,,,,
3,6:39,16:32,2/11/2024,0,,,,,
3,7:04,17:29,2/12/2024,2,,,,,
3,6:43,17:22,2/13/2024,0,,,,,
3,6:50,17:05,2/14/2024,0,,,,,
3,6:56,17:16,2/15/2024,0,,,,,
3,6:55,16:38,2/16/2024,0,,,,,
3,6:36,17:17,2/17/2024,0,,,,,
3,6:36,17:14,2/18/2024,0,,,,,
3,6:56,16:34,2/19/2024,0,,,,,
3,6:55,17:31,2/20/2024,0,,,,,
3,6:33,17:09,2/21/2024,0,,,,,
3,6:42,17:52,2/22/2024,0,,,,,
3,6:32,17:54,2/23/2024,0,,,,,
3,6:59,17:31,2/24/2024,0,,,,,
3,6:43,17:15,2/25/2024,0,,,,,
3,6:36,16:58,2/26/2024,0,,,,,
3,6:51,17:40,2/27/2024,0,,,,,
3,6:31,17:47,2/28/2024,0,,,,,
3,6:50,16:44,3/1/2024,0,,,,,
3,6:44,17:23,3/2/2024,0,,,,,
3,6:54,17:55,3/3/2024,0,,,,,
3,6:44,17:05,3/4/2024,0,,,,,
3,6:55,17:32,3/5/2024,0,,,,,
3,6:41,16:48,3/6/2024,0,,,,,
3,6:42,16:46,3/7/2024,0,,,,,
3,7:15,17:30,3/8/2024,2,,,,,
3,6:33,17:54,3/9/2024,0,,,,,
3,6:44,16:53,3/10/2024,0,,,,,
3,6:30,17:59,3/11/2024,0,,,,,
3,6:56,17:27,3/12/2024,0,,,,,
3,6:47,17:47,3/13/2024,0,,,,,
3,,,3/14/2024,1,,,,,
3,6:37,17:59,3/15/2024,0,,,,,
3,6:39,16:39,3/16/2024,0,,,,,
3,6:48,17:45,3/17/2024,0,,,,,
3,6:31,17:42,3/18/2024,0,,,,,
3,6:56,16:52,3/19/2024,0,,,,,
3,6:47,17:59,3/20/2024,0,,,,,
3,6:57,16:43,3/21/2024,0,,,,,
3,6:54,17:15,3/22/2024,0,,,,,
3,6:44,17:31,3/23/2024,0,,,,,
3,6:34,17:39,3/24/2024,0,,,,,
3,6:42,17:59,3/25/2024,0,,,,,
3,6:34,17:53,3/26/2024,0,,,,,
3,6:55,17:51,3/27/2024,0,,,,,
3,6:51,16:46,3/28/2024,0,,,,,
3,6:44,16:33,3/29/2024,0,,,,,
3,6:36,16:36,3/30/2024,0,,,,,
3,6:45,17:26,3/31/2024,0,,,,,
4,6:55,17:09,2/1/2024,0,,,,,
4,6:36,16:31,2/2/2024,0,,,,,
4,6:42,17:27,2/3/2024,0,,,,,
4,6:55,17:09,2/4/2024,0,,,,,
4,6:44,17:44,2/5/2024,0,,,,,
4,6:50,16:42,2/6/2024,0,,,,,
4,6:34,17:35,2/7/2024,0,,,,,
4,6:39,17:14,2/8/2024,0,,,,,
4,6:47,17:08,2/9/2024,0,,,,,
4,7:21,17:53,2/10/2024,2,,,,,
4,6:58,16:46,2/11/2024,0,,,,,
4,6:39,17:26,2/12/2024,0,,,,,
4,6:46,17:02,2/13/2024,0,,,,,
4,6:33,17:02,2/14/2024,0,,,,,
4,6:39,17:13,2/15/2024,0,,,,,
4,6:42,17:36,2/16/2024,0,,,,,
4,6:58,17:38,2/17/2024,0,,,,,
4,7:09,17:44,2/18/2024,2,,,,,
4,6:37,16:51,2/19/2024,0,,,,,
4,6:47,17:36,2/20/2024,0,,,,,
4,6:45,17:06,2/21/2024,0,,,,,
4,6:53,17:02,2/22/2024,0,,,,,
4,6:45,17:00,2/23/2024,0,,,,,
4,6:40,17:00,2/24/2024,0,,,,,
4,6:44,17:48,2/25/2024,0,,,,,
4,6:32,16:59,2/26/2024,0,,,,,
4,,,2/27/2024,1,,,,,
4,6:59,17:15,2/28/2024,0,,,,,
4,6:54,17:54,3/1/2024,0,,,,,
4,6:47,16:36,3/2/2024,0,,,,,
4,6:37,16:50,3/3/2024,0,,,,,
4,6:36,17:39,3/4/2024,0,,,,,
4,6:50,16:41,3/5/2024,0,,,,,
4,7:26,17:51,3/6/2024,2,,,,,
4,6:36,16:46,3/7/2024,0,,,,,
4,6:40,16:30,3/8/2024,0,,,,,
4,6:46,17:56,3/9/2024,0,,,,,
4,6:39,16:58,3/10/2024,0,,,,,
4,7:12,17:12,3/11/2024,2,,,,,
4,6:51,17:54,3/12/2024,0,,,,,
4,6:36,17:01,3/13/2024,0,,,,,
4,6:42,16:53,3/14/2024,0,,,,,
4,6:51,16:56,3/15/2024,0,,,,,
4,6:43,17:34,3/16/2024,0,,,,,
4,6:34,16:46,3/17/2024,0,,,,,
4,6:49,16:50,3/18/2024,0,,,,,
4,6:50,17:22,3/19/2024,0,,,,,
4,6:39,16:47,3/20/2024,0,,,,,
4,6:54,16:36,3/21/2024,0,,,,,
4,6:58,17:59,3/22/2024,0,,,,,
4,6:40,17:00,3/23/2024,0,,,,,
4,6:54,17:39,3/24/2024,0,,,,,
4,6:42,17:19,3/25/2024,0,,,,,
4,6:46,16:35,3/26/2024,0,,,,,
4,6:54,17:51,3/27/2024,0,,,,,
4,6:39,16:46,3/28/2024,0,,,,,
4,,,3/29/2024,1,,,,,
4,6:47,16:53,3/30/2024,0,,,,,
4,6:57,16:34,3/31/2024,0,,,,,
5,6:45,16:57,2/1/2024,0,,,,,
5,6:44,17:47,2/2/2024,0,,,,,
5,6:52,17:07,2/3/2024,0,,,,,
5,6:40,16:56,2/4/2024,0,,,,,
5,6:33,17:34,2/5/2024,0,,,,,
5,6:40,16:54,2/6/2024,0,,,,,
5,6:33,16:50,2/7/2024,0,,,,,
5,6:30,16:44,2/8/2024,0,,,,,
5,6:51,16:42,2/9/2024,0,,,,,
5,6:30,17:19,2/10/2024,0,,,,,
5,6:33,17:25,2/11/2024,0,,,,,
5,,,2/12/2024,1,,,,,
5,6:55,17:14,2/13/2024,0,,,,,
5,6:53,16:33,2/14/2024,0,,,,,
5,6:39,17:07,2/15/2024,0,,,,,
5,6:43,17:23,2/16/2024,0,,,,,
5,6:52,17:12,2/17/2024,0,,,,,
5,6:59,16:33,2/18/2024,0,,,,,
5,6:53,17:49,2/19/2024,0,,,,,
5,6:31,16:41,2/20/2024,0,,,,,
5,6:32,16:43,2/21/2024,0,,,,,
5,7:15,17:49,2/22/2024,2,,,,,
5,6:57,17:19,2/23/2024,0,,,,,
5,6:43,17:29,2/24/2024,0,,,,,
5,6:35,17:19,2/25/2024,0,,,,,
5,6:38,16:31,2/26/2024,0,,,,,
5,6:44,17:47,2/27/2024,0,,,,,
5,6:47,16:55,2/28/2024,0,,,,,
5,6:53,16:59,3/1/2024,0,,,,,
5,6:40,17:47,3/2/2024,0,,,,,
5,6:37,16:45,3/3/2024,0,,,,,
5,6:40,17:17,3/4/2024,0,,,,,
5,6:55,17:47,3/5/2024,0,,,,,
5,6:41,17:36,3/6/2024,0,,,,,
5,6:40,16:51,3/7/2024,0,,,,,
5,6:48,17:02,3/8/2024,0,,,,,
5,6:56,17:17,3/9/2024,0,,,,,
5,6:58,17:53,3/10/2024,0,,,,,
5,6:37,17:30,3/11/2024,0,,,,,
5,6:57,17:38,3/12/2024,0,,,,,
5,6:46,17:18,3/13/2024,0,,,,,
5,6:52,16:58,3/14/2024,0,,,,,
5,6:31,16:54,3/15/2024,0,,,,,
5,6:59,17:19,3/16/2024,0,,,,,
5,6:31,16:56,3/17/2024,0,,,,,
5,6:37,17:58,3/18/2024,0,,,,,
5,6:49,16:32,3/19/2024,0,,,,,
5,6:59,16:34,3/20/2024,0,,,,,
5,6:33,16:41,3/21/2024,0,,,,,
5,6:53,17:09,3/22/2024,0,,,,,
5,6:41,17:23,3/23/2024,0,,,,,
5,6:51,17:56,3/24/2024,0,,,,,
5,7:28,16:54,3/25/2024,2,,,,,
5,6:32,17:31,3/26/2024,0,,,,,
5,6:55,16:46,3/27/2024,0,,,,,
5,6:59,17:21,3/28/2024,0,,,,,
5,6:48,17:14,3/29/2024,0,,,,,
5,6:44,17:26,3/30/2024,0,,,,,
5,6:44,16:55,3/31/2024,0,,,,,
6,6:55,16:48,2/1/2024,0,,,,,
6,6:58,17:02,2/2/2024,0,,,,,
6,6:44,17:43,2/3/2024,0,,,,,
6,6:56,17:14,2/4/2024,0,,,,,
6,7:28,17:22,2/5/2024,2,,,,,
6,6:48,17:17,2/6/2024,0,,,,,
6,6:42,16:40,2/7/2024,0,,,,,
6,,,2/8/2024,1,,,,,
6,6:36,17:21,2/9/2024,0,,,,,
6,7:26,17:50,2/10/2024,2,,,,,
6,6:48,17:50,2/11/2024,0,,,,,
6,6:51,16:31,2/12/2024,0,,,,,
6,6:58,17:18,2/13/2024,0,,,,,
6,6:33,16:50,2/14/2024,0,,,,,
6,6:53,17:22,2/15/2024,0,,,,,
6,6:46,17:55,2/16/2024,0,,,,,
6,6:50,17:07,2/17/2024,0,,,,,
6,6:47,17:02,2/18/2024,0,,,,,
6,6:30,17:55,2/19/2024,0,,,,,
6,6:30,16:50,2/20/2024,0,,,,,
6,6:57,17:54,2/21/2024,0,,,,,
6,6:52,17:16,2/22/2024,0,,,,,
6,6:49,17:39,2/23/2024,0,,,,,
6,6:55,17:09,2/24/2024,0,,,,,
6,6:50,16:46,2/25/2024,0,,,,,
6,6:47,17:02,2/26/2024,0,,,,,
6,6:55,17:14,2/27/2024,0,,,,,
6,6:42,17:34,2/28/2024,0,,,,,
6,7:06,17:13,3/1/2024,2,,,,,
6,6:47,17:38,3/2/2024,0,,,,,
6,6:55,17:06,3/3/2024,0,,,,,
6,6:38,17:40,3/4/2024,0,,,,,
6,6:59,16:55,3/5/2024,0,,,,,
6,6:31,17:57,3/6/2024,0,,,,,
6,6:51,17:48,3/7/2024,0,,,,,
6,6:48,17:35,3/8/2024,0,,,,,
6,6:52,17:07,3/9/2024,0,,,,,
6,6:37,17:41,3/10/2024,0,,,,,
6,6:59,16:51,3/11/2024,0,,,,,
6,6:49,16:31,3/12/2024,0,,,,,
6,6:49,16:33,3/13/2024,0,,,,,
6,6:56,16:31,3/14/2024,0,,,,,
6,6:54,17:51,3/15/2024,0,,,,,
6,6:50,16:57,3/16/2024,0,,,,,
6,6:58,17:47,3/17/2024,0,,,,,
6,6:48,17:14,3/18/2024,0,,,,,
6,6:39,17:23,3/19/2024,0,,,,,
6,6:35,17:02,3/20/2024,0,,,,,
6,6:50,16:47,3/21/2024,0,,,,,
6,7:07,16:53,3/22/2024,2,,,,,
6,6:38,17:51,3/23/2024,0,,,,,
6,6:35,17:24,3/24/2024,0,,,,,
6,6:42,17:47,3/25/2024,0,,,,,
6,6:45,17:58,3/26/2024,0,,,,,
6,6:30,17:27,3/27/2024,0,,,,,
6,6:48,17:56,3/28/2024,0,,,,,
6,6:39,17:23,3/29/2024,0,,,,,
6,6:46,17:34,3/30/2024,0,,,,,
6,6:42,17:08,3/31/2024,0,,,,,
7,7:26,17:03,2/1/2024,2,,,,,
7,6:35,17:21,2/2/2024,0,,,,,
7,6:53,16:51,2/3/2024,0,,,,,
7,6:38,16:54,2/4/2024,0,,,,,
7,6:58,17:38,2/5/2024,0,,,,,
7,6:45,17:19,2/6/2024,0,,,,,
7,6:36,17:04,2/7/2024,0,,,,,
7,6:42,16:35,2/8/2024,0,,,,,
7,6:47,17:09,2/9/2024,0,,,,,
7,6:55,16:31,2/10/2024,0,,,,,
7,6:48,17:51,2/11/2024,0,,,,,
7,6:49,17:25,2/12/2024,0,,,,,
7,6:45,16:37,2/13/2024,0,,,,,
7,6:31,17:07,2/14/2024,0,,,,,
7,6:33,17:44,2/15/2024,0,,,,,
7,6:57,17:36,2/16/2024,0,,,,,
7,6:30,16:37,2/17/2024,0,,,,,
7,6:42,16:55,2/18/2024,0,,,,,
7,6:32,16:39,2/19/2024,0,,,,,
7,6:30,17:42,2/20/2024,0,,,,,
7,6:47,17:50,2/21/2024,0,,,,,
7,6:53,17:42,2/22/2024,0,,,,,
7,6:57,17:08,2/23/2024,0,,,,,
7,6:58,17:58,2/24/2024,0,,,,,
7,6:45,17:07,2/25/2024,0,,,,,
7,6:39,17:51,2/26/2024,0,,,,,
7,6:50,17:59,2/27/2024,0,,,,,
7,6:30,17:19,2/28/2024,0,,,,,
7,6:59,17:20,3/1/2024,0,,,,,
7,6:33,16:33,3/2/2024,0,,,,,
7,6:37,17:31,3/3/2024,0,,,,,
7,6:43,17:41,3/4/2024,0,,,,,
7,6:51,16:56,3/5/2024,0,,,,,
7,7:12,16:49,3/6/2024,2,,,,,
7,6:49,17:30,3/7/2024,0,,,,,
7,6:58,17:20,3/8/2024,0,,,,,
7,6:59,17:30,3/9/2024,0,,,,,
7,6:45,17:50,3/10/2024,0,,,,,
7,6:42,16:56,3/11/2024,0,,,,,
7,6:33,17:04,3/12/2024,0,,,,,
7,7:11,17:26,3/13/2024,2,,,,,
7,6:39,16:40,3/14/2024,0,,,,,
7,6:30,16:59,3/15/2024,0,,,,,
7,6:39,16:55,3/16/2024,0,,,,,
7,6:34,17:29,3/17/2024,0,,,,,
7,6:45,16:34,3/18/2024,0,,,,,
7,6:57,16:40,3/19/2024,0,,,,,
7,6:31,17:43,3/20/2024,0,,,,,
7,6:41,17:32,3/21/2024,0,,,,,
7,6:39,17:36,3/22/2024,0,,,,,
7,6:45,17:43,3/23/2024,0,,,,,
7,6:43,17:05,3/24/2024,0,,,,,
7,6:31,16:51,3/25/2024,0,,,,,
7,6:55,17:59,3/26/2024,0,,,,,
7,6:59,17:12,3/27/2024,0,,,,,
7,6:51,17:13,3/28/2024,0,,,,,
7,6:47,17:45,3/29/2024,0,,,,,
7,6:30,16:47,3/30/2024,0,,,,,
7,6:34,17:34,3/31/2024,0,,,,,
8,6:31,17:08,2/1/2024,0,,,,,
8,6:49,17:11,2/2/2024,0,,,,,
8,6:53,16:31,2/3/2024,0,,,,,
8,7:00,17:57,2/4/2024,2,,,,,
8,6:40,16:59,2/5/2024,0,,,,,
8,6:39,17:38,2/6/2024,0,,,,,
8,7:00,17:08,2/7/2024,2,,,,,
8,6:54,16:39,2/8/2024,0,,,,,
8,6:46,16:36,2/9/2024,0,,,,,
8,6:55,17:16,2/10/2024,0,,,,,
8,6:35,17:11,2/11/2024,0,,,,,
8,6:48,17:41,2/12/2024,0,,,,,
8,6:40,17:13,2/13/2024,0,,,,,
8,6:48,17:00,2/14/2024,0,,,,,
8,6:59,17:16,2/15/2024,0,,,,,
8,6:57,17:49,2/16/2024,0,,,,,
8,6:30,17:42,2/17/2024,0,,,,,
8,6:57,17:10,2/18/2024,0,,,,,
8,6:44,17:22,2/19/2024,0,,,,,
8,6:52,17:39,2/20/2024,0,,,,,
8,,,2/21/2024,1,,,,,
8,6:39,16:35,2/22/2024,0,,,,,
8,6:42,17:21,2/23/2024,0,,,,,
8,6:43,16:51,2/24/2024,0,,,,,
8,6:40,17:15,2/25/2024,0,,,,,
8,6:49,17:03,2/26/2024,0,,,,,
8,6:33,17:38,2/27/2024,0,,,,,
8,6:42,16:53,2/28/2024,0,,,,,
8,6:40,16:33,3/1/2024,0,,,,,
8,6:44,17:52,3/2/2024,0,,,,,
8,6:31,17:27,3/3/2024,0,,,,,
8,6:39,17:53,3/4/2024,0,,,,,
8,6:46,16:36,3/5/2024,0,,,,,
8,6:53,16:46,3/6/2024,0,,,,,
8,6:36,17:05,3/7/2024,0,,,,,
8,6:48,17:22,3/8/2024,0,,,,,
8,6:45,16:51,3/9/2024,0,,,,,
8,6:32,16:46,3/10/2024,0,,,,,
8,6:47,17:47,3/11/2024,0,,,,,
8,6:41,17:33,3/12/2024,0,,,,,
8,6:32,16:38,3/13/2024,0,,,,,
8,6:58,16:43,3/14/2024,0,,,,,
8,6:37,17:47,3/15/2024,0,,,,,
8,6:40,16:40,3/16/2024,0,,,,,
8,6:36,17:17,3/17/2024,0,,,,,
8,6:30,16:58,3/18/2024,0,,,,,
8,7:24,17:03,3/19/2024,2,,,,,
8,6:56,17:40,3/20/2024,0,,,,,
8,6:43,16:52,3/21/2024,0,,,,,
8,6:31,16:53,3/22/2024,0,,,,,
8,6:44,17:30,3/23/2024,0,,,,,
8,6:34,17:32,3/24/2024,0,,,,,
8,6:58,17:07,3/25/2024,0,,,,,
8,6:39,17:55,3/26/2024,0,,,,,
8,6:34,17:04,3/27/2024,0,,,,,
8,6:38,17:36,3/28/2024,0,,,,,
8,6:44,16:37,3/29/2024,0,,,,,
8,6:43,17:45,3/30/2024,0,,,,,
8,6:49,16:33,3/31/2024,0,,,,,
9,6:54,17:48,2/1/2024,0,,,,,
9,6:54,17:29,2/2/2024,0,,,,,
9,6:58,16:50,2/3/2024,0,,,,,
9,6:58,16:44,2/4/2024,0,,,,,
9,6:56,16:30,2/5/2024,0,,,,,
9,6:39,16:41,2/6/2024,0,,,,,
9,6:59,17:17,2/7/2024,0,,,,,
9,6:59,17:58,2/8/2024,0,,,,,
9,6:39,17:16,2/9/2024,0,,,,,
9,7:04,17:09,2/10/2024,2,,,,,
9,6:46,16:42,2/11/2024,0,,,,,
9,6:54,17:02,2/12/2024,0,,,,,
9,6:47,16:52,2/13/2024,0,,,,,
9,6:38,17:54,2/14/2024,0,,,,,
9,,,2/15/2024,1,,,,,
9,6:32,17:29,2/16/2024,0,,,,,
9,6:58,16:45,2/17/2024,0,,,,,
9,6:30,17:46,2/18/2024,0,,,,,
9,6:46,16:59,2/19/2024,0,,,,,
9,6:38,16:40,2/20/2024,0,,,,,
9,6:39,17:06,2/21/2024,0,,,,,
9,6:52,16:44,2/22/2024,0,,,,,
9,6:46,17:12,2/23/2024,0,,,,,
9,7:08,17:12,2/24/2024,2,,,,,
9,6:58,17:33,2/25/2024,0,,,,,
9,6:52,17:46,2/26/2024,0,,,,,
9,6:31,17:06,2/27/2024,0,,,,,
9,6:52,16:43,2/28/2024,0,,,,,
9,6:50,17:03,3/1/2024,0,,,,,
9,6:30,17:17,3/2/2024,0,,,,,
9,6:53,17:37,3/3/2024,0,,,,,
9,6:44,17:53,3/4/2024,0,,,,,
9,6:52,17:01,3/5/2024,0,,,,,
9,6:58,17:32,3/6/2024,0,,,,,
9,6:57,16:48,3/7/2024,0,,,,,
9,6:37,16:42,3/8/2024,0,,,,,
9,6:59,16:32,3/9/2024,0,,,,,
9,6:55,16:57,3/10/2024,0,,,,,
9,6:51,16:57,3/11/2024,0,,,,,
9,6:42,17:19,3/12/2024,0,,,,,
9,6:41,17:39,3/13/2024,0,,,,,
9,6:56,17:40,3/14/2024,0,,,,,
9,6:49,17:18,3/15/2024,0,,,,,
9,6:30,17:36,3/16/2024,0,,,,,
9,6:42,16:35,3/17/2024,0,,,,,
9,6:35,16:31,3/18/2024,0,,,,,
9,6:56,17:29,3/19/2024,0,,,,,
9,6:46,16:52,3/20/2024,0,,,,,
9,7:30,16:51,3/21/2024,2,,,,,
9,6:46,16:47,3/22/2024,0,,,,,
9,6:39,17:35,3/23/2024,0,,,,,
9,6:38,16:34,3/24/2024,0,,,,,
9,6:41,17:09,3/25/2024,0,,,,,
9,6:47,17:07,3/26/2024,0,,,,,
9,6:32,17:51,3/27/2024,0,,,,,
9,6:46,16:45,3/28/2024,0,,,,,
9,6:37,17:58,3/29/2024,0,,,,,
9,6:46,17:38,3/30/2024,0,,,,,
9,6:46,17:42,3/31/2024,0,,,,,
10,6:54,17:30,2/1/2024,0,,,,,
10,6:30,17:52,2/2/2024,0,,,,,
10,6:55,17:34,2/3/2024,0,,,,,
10,6:45,16:48,2/4/2024,0,,,,,
10,6:38,17:17,2/5/2024,0,,,,,
10,6:50,17:07,2/6/2024,0,,,,,
10,6:54,17:12,2/7/2024,0,,,,,
10,6:47,17:47,2/8/2024,0,,,,,
10,6:54,16:55,2/9/2024,0,,,,,
10,6:44,17:48,2/10/2024,0,,,,,
10,6:50,17:15,2/11/2024,0,,,,,
10,6:47,17:24,2/12/2024,0,,,,,
10,6:48,17:04,2/13/2024,0,,,,,
10,6:42,16:54,2/14/2024,0,,,,,
10,6:30,16:46,2/15/2024,0,,,,,
10,6:35,17:35,2/16/2024,0,,,,,
10,6:46,17:39,2/17/2024,0,,,,,
10,6:52,17:32,2/18/2024,0,,,,,
10,6:47,16:55,2/19/2024,0,,,,,
10,6:40,17:54,2/20/2024,0,,,,,
10,6:41,17:06,2/21/2024,0,,,,,
10,6:51,16:45,2/22/2024,0,,,,,
10,6:53,16:32,2/23/2024,0,,,,,
10,6:34,17:58,2/24/2024,0,,,,,
10,6:57,17:55,2/25/2024,0,,,,,
10,6:59,17:09,2/26/2024,0,,,,,
10,7:29,16:55,2/27/2024,2,,,,,
10,6:59,17:37,2/28/2024,0,,,,,
10,6:55,16:35,3/1/2024,0,,,,,
10,6:53,17:11,3/2/2024,0,,,,,
10,6:53,17:28,3/3/2024,0,,,,,
10,6:31,17:20,3/4/2024,0,,,,,
10,6:46,17:02,3/5/2024,0,,,,,
10,6:32,17:27,3/6/2024,0,,,,,
10,6:46,16:52,3/7/2024,0,,,,,
10,6:55,17:26,3/8/2024,0,,,,,
10,6:57,17:46,3/9/2024,0,,,,,
10,6:51,17:10,3/10/2024,0,,,,,
10,6:59,16:31,3/11/2024,0,,,,,
10,6:42,17:52,3/12/2024,0,,,,,
10,6:51,16:44,3/13/2024,0,,,,,
10,6:34,17:19,3/14/2024,0,,,,,
10,6:52,16:51,3/15/2024,0,,,,,
10,,,3/16/2024,1,,,,,
10,7:24,16:46,3/17/2024,2,,,,,
10,6:53,16:53,3/18/2024,0,,,,,
10,6:49,17:54,3/19/2024,0,,,,,
10,6:55,17:14,3/20/2024,0,,,,,
10,6:59,17:51,3/21/2024,0,,,,,
10,6:37,17:43,3/22/2024,0,,,,,
10,6:45,17:22,3/23/2024,0,,,,,
10,6:49,16:57,3/24/2024,0,,,,,
10,6:32,16:50,3/25/2024,0,,,,,
10,6:47,17:57,3/26/2024,0,,,,,
10,6:32,17:26,3/27/2024,0,,,,,
10,6:37,16:42,3/28/2024,0,,,,,
10,6:31,17:03,3/29/2024,0,,,,,
10,7:17,17:25,3/30/2024,2,,,,,
10,6:45,17:07,3/31/2024,0,,,,,
11,6:46,17:00,2/1/2024,0,,,,,
11,6:56,17:01,2/2/2024,0,,,,,
11,6:52,16:34,2/3/2024,0,,,,,
11,6:42,17:59,2/4/2024,0,,,,,
11,6:58,17:35,2/5/2024,0,,,,,
11,6:59,17:09,2/6/2024,0,,,,,
11,6:37,16:40,2/7/2024,0,,,,,
11,6:36,16:39,2/8/2024,0,,,,,
11,6:52,17:33,2/9/2024,0,,,,,
11,6:35,16:59,2/10/2024,0,,,,,
11,6:39,17:49,2/11/2024,0,,,,,
11,6:39,16:53,2/12/2024,0,,,,,
11,6:33,17:44,2/13/2024,0,,,,,
11,6:40,17:28,2/14/2024,0,,,,,
11,6:52,17:54,2/15/2024,0,,,,,
11,6:48,16:51,2/16/2024,0,,,,,
11,6:42,17:21,2/17/2024,0,,,,,
11,6:54,16:47,2/18/2024,0,,,,,
11,6:33,17:12,2/19/2024,0,,,,,
11,7:06,16:50,2/20/2024,2,,,,,
11,6:39,17:45,2/21/2024,0,,,,,
11,6:43,17:58,2/22/2024,0,,,,,
11,6:41,17:51,2/23/2024,0,,,,,
11,6:54,17:16,2/24/2024,0,,,,,
11,,,2/25/2024,1,,,,,
11,6:30,17:18,2/26/2024,0,,,,,
11,6:54,16:36,2/27/2024,0,,,,,
11,6:46,16:39,2/28/2024,0,,,,,
11,6:59,16:34,3/1/2024,0,,,,,
11,6:52,16:59,3/2/2024,0,,,,,
11,6:47,16:46,3/3/2024,0,,,,,
11,6:48,17:57,3/4/2024,0,,,,,
11,6:46,17:48,3/5/2024,0,,,,,
11,6:42,17:36,3/6/2024,0,,,,,
11,6:49,17:28,3/7/2024,0,,,,,
11,6:58,17:14,3/8/2024,0,,,,,
11,6:33,17:32,3/9/2024,0,,,,,
11,6:58,16:41,3/10/2024,0,,,,,
11,6:37,17:53,3/11/2024,0,,,,,
11,6:46,17:17,3/12/2024,0,,,,,
11,6:55,16:59,3/13/2024,0,,,,,
11,6:47,16:45,3/14/2024,0,,,,,
11,6:36,16:34,3/15/2024,0,,,,,
11,6:57,17:00,3/16/2024,0,,,,,
11,6:59,16:32,3/17/2024,0,,,,,
11,6:53,17:31,3/18/2024,0,,,,,
11,6:41,17:05,3/19/2024,0,,,,,
11,6:52,16:45,3/20/2024,0,,,,,
11,6:40,17:33,3/21/2024,0,,,,,
11,6:49,17:16,3/22/2024,0,,,,,
11,,,3/23/2024,1,,,,,
11,6:45,17:46,3/24/2024,0,,,,,
11,7:03,17:00,3/25/2024,2,,,,,
11,6:31,17:09,3/26/2024,0,,,,,
11,6:49,17:36,3/27/2024,0,,,,,
11,6:34,17:16,3/28/2024,0,,,,,
11,6:39,16:32,3/29/2024,0,,,,,
11,7:04,17:47,3/30/2024,2,,,,,
11,6:42,16:50,3/31/2024,0,,,,,
12,6:44,16:48,2/1/2024,0,,,,,
12,7:19,16:53,2/2/2024,2,,,,,
12,6:47,17:23,2/3/2024,0,,,,,
12,6:32,16:31,2/4/2024,0,,,,,
12,,,2/5/2024,1,,,,,
12,6:30,16:43,2/6/2024,0,,,,,
12,6:34,16:41,2/7/2024,0,,,,,
12,7:11,16:47,2/8/2024,2,,,,,
12,6:44,17:40,2/9/2024,0,,,,,
12,6:52,17:37,2/10/2024,0,,,,,
12,6:36,17:49,2/11/2024,0,,,,,
12,6:51,17:53,2/12/2024,0,,,,,
12,6:48,16:32,2/13/2024,0,,,,,
12,6:50,16:49,2/14/2024,0,,,,,
12,6:53,16:34,2/15/2024,0,,,,,
12,6:44,17:03,2/16/2024,0,,,,,
12,6:47,17:50,2/17/2024,0,,,,,
12,6:54,17:56,2/18/2024,0,,,,,
12,6:54,16:47,2/19/2024,0,,,,,
12,6:55,17:05,2/20/2024,0,,,,,
12,6:58,17:07,2/21/2024,0,,,,,
12,6:32,17:18,2/22/2024,0,,,,,
12,6:31,17:59,2/23/2024,0,,,,,
12,6:33,17:56,2/24/2024,0,,,,,
12,6:34,17:00,2/25/2024,0,,,,,
12,6:31,16:40,2/26/2024,0,,,,,
12,6:46,16:51,2/27/2024,0,,,,,
12,6:56,16:33,2/28/2024,0,,,,,
12,6:54,17:15,3/1/2024,0,,,,,
12,,,3/2/2024,1,,,,,
12,6:49,17:45,3/3/2024,0,,,,,
12,6:56,17:15,3/4/2024,0,,,,,
12,6:53,17:08,3/5/2024,0,,,,,
12,6:33,17:38,3/6/2024,0,,,,,
12,6:47,17:42,3/7/2024,0,,,,,
12,6:40,17:04,3/8/2024,0,,,,,
12,6:31,16:36,3/9/2024,0,,,,,
12,6:55,17:53,3/10/2024,0,,,,,
12,6:46,16:49,3/11/2024,0,,,,,
12,6:59,16:59,3/12/2024,0,,,,,
12,6:47,16:50,3/13/2024,0,,,,,
12,6:58,17:28,3/14/2024,0,,,,,
12,6:38,16:49,3/15/2024,0,,,,,
12,6:54,17:49,3/16/2024,0,,,,,
12,6:45,17:20,3/17/2024,0,,,,,
12,6:30,16:49,3/18/2024,0,,,,,
12,7:00,17:35,3/19/2024,2,,,,,
12,6:35,17:18,3/20/2024,0,,,,,
12,6:41,17:54,3/21/2024,0,,,,,
12,6:56,17:52,3/22/2024,0,,,,,
12,6:46,17:05,3/23/2024,0,,,,,
12,6:34,16:53,3/24/2024,0,,,,,
12,6:43,17:55,3/25/2024,0,,,,,
12,6:35,17:31,3/26/2024,0,,,,,
12,6:38,17:50,3/27/2024,0,,,,,
12,6:39,17:59,3/28/2024,0,,,,,
12,6:57,17:13,3/29/2024,0,,,,,
12,6:43,16:32,3/30/2024,0,,,,,
12,6:42,16:39,3/31/2024,0,,,,,
13,6:56,16:50,2/1/2024,0,,,,,
13,6:51,16:43,2/2/2024,0,,,,,
13,6:55,17:40,2/3/2024,0,,,,,
13,6:52,17:35,2/4/2024,0,,,,,
13,6:50,17:58,2/5/2024,0,,,,,
13,7:04,17:02,2/6/2024,2,,,,,
13,6:34,16:44,2/7/2024,0,,,,,
13,6:30,17:03,2/8/2024,0,,,,,
13,6:53,17:49,2/9/2024,0,,,,,
13,6:46,17:00,2/10/2024,0,,,,,
13,6:32,16:55,2/11/2024,0,,,,,
13,7:25,17:22,2/12/2024,2,,,,,
13,,,2/13/2024,1,,,,,
13,6:36,17:41,2/14/2024,0,,,,,
13,6:56,17:38,2/15/2024,0,,,,,
13,6:52,17:34,2/16/2024,0,,,,,
13,6:41,17:49,2/17/2024,0,,,,,
13,6:34,17:46,2/18/2024,0,,,,,
13,6:55,17:13,2/19/2024,0,,,,,
13,6:49,16:34,2/20/2024,0,,,,,
13,6:51,16:31,2/21/2024,0,,,,,
13,6:37,17:20,2/22/2024,0,,,,,
13,6:56,17:55,2/23/2024,0,,,,,
13,6:34,17:37,2/24/2024,0,,,,,
13,6:48,17:59,2/25/2024,0,,,,,
13,6:32,16:31,2/26/2024,0,,,,,
13,6:47,16:57,2/27/2024,0,,,,,
13,6:38,17:31,2/28/2024,0,,,,,
13,6:53,17:09,3/1/2024,0,,,,,
13,7:17,17:19,3/2/2024,2,,,,,
13,6:33,16:31,3/3/2024,0,,,,,
13,6:31,16:46,3/4/2024,0,,,,,
13,6:36,17:24,3/5/2024,0,,,,,
13,6:34,17:36,3/6/2024,0,,,,,
13,6:44,17:00,3/7/2024,0,,,,,
13,6:40,17:00,3/8/2024,0,,,,,
13,6:42,16:46,3/9/2024,0,,,,,
13,6:35,16:56,3/10/2024,0,,,,,
13,6:40,17:24,3/11/2024,0,,,,,
13,6:45,17:52,3/12/2024,0,,,,,
13,6:35,17:57,3/13/2024,0,,,,,
13,6:47,17:51,3/14/2024,0,,,,,
13,6:38,17:44,3/15/2024,0,,,,,
13,6:57,16:34,3/16/2024,0,,,,,
13,6:52,16:46,3/17/2024,0,,,,,
13,6:48,16:51,3/18/2024,0,,,,,
13,6:36,17:16,3/19/2024,0,,,,,
13,6:31,16:52,3/20/2024,0,,,,,
13,6:44,17:27,3/21/2024,0,,,,,
13,6:54,16:45,3/22/2024,0,,,,,
13,6:30,17:35,3/23/2024,0,,,,,
13,6:36,16:41,3/24/2024,0,,,,,
13,6:32,17:31,3/25/2024,0,,,,,
13,6:49,16:46,3/26/2024,0,,,,,
13,6:44,17:21,3/27/2024,0,,,,,
13,6:36,16:56,3/28/2024,0,,,,,
13,6:59,17:35,3/29/2024,0,,,,,
13,6:53,17:33,3/30/2024,0,,,,,
13,6:44,17:11,3/31/2024,0,,,,,
14,6:59,16:50,2/1/2024,0,,,,,
14,6:48,16:35,2/2/2024,0,,,,,
14,6:35,17:53,2/3/2024,0,,,,,
14,6:59,17:01,2/4/2024,0,,,,,
14,6:42,16:45,2/5/2024,0,,,,,
14,6:59,17:28,2/6/2024,0,,,,,
14,6:58,16:45,2/7/2024,0,,,,,
14,6:42,17:16,2/8/2024,0,,,,,
14,6:49,17:58,2/9/2024,0,,,,,
14,6:39,17:16,2/10/2024,0,,,,,
14,6:54,16:39,2/11/2024,0,,,,,
14,7:28,17:50,2/12/2024,2,,,,,
14,6:57,16:42,2/13/2024,0,,,,,
14,6:57,17:12,2/14/2024,0,,,,,
14,6:42,17:44,2/15/2024,0,,,,,
14,6:55,16:52,2/16/2024,0,,,,,
14,6:33,17:12,2/17/2024,0,,,,,
14,6:36,17:44,2/18/2024,0,,,,,
14,6:53,16:49,2/19/2024,0,,,,,
14,6:31,16:35,2/20/2024,0,,,,,
14,6:41,17:33,2/21/2024,0,,,,,
14,6:31,16:50,2/22/2024,0,,,,,
14,6:48,17:17,2/23/2024,0,,,,,
14,6:49,16:56,2/24/2024,0,,,,,
14,6:56,17:50,2/25/2024,0,,,,,
14,6:35,17:23,2/26/2024,0,,,,,
14,,,2/27/2024,1,,,,,
14,6:49,17:38,2/28/2024,0,,,,,
14,6:50,17:33,3/1/2024,0,,,,,
14,6:56,16:46,3/2/2024,0,,,,,
14,6:55,17:40,3/3/2024,0,,,,,
14,6:31,16:31,3/4/2024,0,,,,,
14,7:04,17:55,3/5/2024,2,,,,,
14,6:35,17:52,3/6/2024,0,,,,,
14,6:50,17:15,3/7/2024,0,,,,,
14,6:49,17:05,3/8/2024,0,,,,,
14,6:55,17:12,3/9/2024,0,,,,,
14,6:38,17:48,3/10/2024,0,,,,,
14,6:58,16:50,3/11/2024,0,,,,,
14,6:33,16:52,3/12/2024,0,,,,,
14,,,3/13/2024,1,,,,,
14,6:30,17:13,3/14/2024,0,,,,,
14,6:56,16:39,3/15/2024,0,,,,,
14,6:42,17:32,3/16/2024,0,,,,,
14,6:42,17:03,3/17/2024,0,,,,,
14,6:38,17:08,3/18/2024,0,,,,,
14,7:07,17:57,3/19/2024,2,,,,,
14,6:36,17:14,3/20/2024,0,,,,,
14,6:55,17:58,3/21/2024,0,,,,,
14,6:49,17:09,3/22/2024,0,,,,,
14,6:40,17:01,3/23/2024,0,,,,,
14,6:33,17:57,3/24/2024,0,,,,,
14,6:56,17:31,3/25/2024,0,,,,,
14,6:42,17:29,3/26/2024,0,,,,,
14,6:38,17:44,3/27/2024,0,,,,,
14,6:44,17:42,3/28/2024,0,,,,,
14,6:50,17:06,3/29/2024,0,,,,,
14,6:49,16:48,3/30/2024,0,,,,,
14,6:43,16:51,3/31/2024,0,,,,,
15,6:52,17:55,2/1/2024,0,,,,,
15,6:48,17:54,2/2/2024,0,,,,,
15,6:34,17:36,2/3/2024,0,,,,,
15,6:38,16:44,2/4/2024,0,,,,,
15,6:37,17:34,2/5/2024,0,,,,,
15,6:56,16:51,2/6/2024,0,,,,,
15,6:47,16:53,2/7/2024,0,,,,,
15,6:59,17:38,2/8/2024,0,,,,,
15,6:43,16:57,2/9/2024,0,,,,,
15,6:49,16:32,2/10/2024,0,,,,,
15,6:37,16:56,2/11/2024,0,,,,,
15,6:53,17:44,2/12/2024,0,,,,,
15,6:30,17:32,2/13/2024,0,,,,,
15,6:55,17:14,2/14/2024,0,,,,,
15,6:46,16:47,2/15/2024,0,,,,,
15,6:49,17:13,2/16/2024,0,,,,,
15,6:59,17:23,2/17/2024,0,,,,,
15,6:58,17:01,2/18/2024,0,,,,,
15,6:55,16:46,2/19/2024,0,,,,,
15,6:44,17:15,2/20/2024,0,,,,,
15,6:54,17:59,2/21/2024,0,,,,,
15,6:59,17:41,2/22/2024,0,,,,,
15,6:43,17:42,2/23/2024,0,,,,,
15,6:51,16:47,2/24/2024,0,,,,,
15,7:15,16:36,2/25/2024,2,,,,,
15,6:58,17:40,2/26/2024,0,,,,,
15,6:48,16:41,2/27/2024,0,,,,,
15,6:30,16:59,2/28/2024,0,,,,,
15,6:34,17:16,3/1/2024,0,,,,,
15,6:56,16:51,3/2/2024,0,,,,,
15,6:37,16:57,3/3/2024,0,,,,,
15,6:45,17:28,3/4/2024,0,,,,,
15,6:38,17:06,3/5/2024,0,,,,,
15,6:30,16:48,3/6/2024,0,,,,,
15,6:33,16:57,3/7/2024,0,,,,,
15,6:52,17:44,3/8/2024,0,,,,,
15,7:25,17:10,3/9/2024,2,,,,,
15,6:38,17:58,3/10/2024,0,,,,,
15,6:47,17:49,3/11/2024,0,,,,,
15,6:33,17:17,3/12/2024,0,,,,,
15,6:49,17:11,3/13/2024,0,,,,,
15,6:33,16:32,3/14/2024,0,,,,,
15,6:55,17:30,3/15/2024,0,,,,,
15,6:54,17:27,3/16/2024,0,,,,,
15,6:47,17:38,3/17/2024,0,,,,,
15,6:30,17:53,3/18/2024,0,,,,,
15,6:39,17:29,3/19/2024,0,,,,,
15,6:48,17:58,3/20/2024,0,,,,,
15,6:52,17:13,3/21/2024,0,,,,,
15,6:32,16:45,3/22/2024,0,,,,,
15,6:55,16:35,3/23/2024,0,,,,,
15,6:53,16:42,3/24/2024,0,,,,,
15,6:56,17:05,3/25/2024,0,,,,,
15,6:54,17:07,3/26/2024,0,,,,,
15,6:50,16:53,3/27/2024,0,,,,,
15,6:44,16:57,3/28/2024,0,,,,,
15,6:36,17:14,3/29/2024,0,,,,,
15,6:41,16:55,3/30/2024,0,,,,,
15,6:45,17:11,3/31/2024,0,,,,,
16,,,2/1/2024,1,,,,,
16,6:46,17:34,2/2/2024,0,,,,,
16,6:32,17:09,2/3/2024,0,,,,,
16,6:43,17:20,2/4/2024,0,,,,,
16,6:56,16:50,2/5/2024,0,,,,,
16,6:59,17:44,2/6/2024,0,,,,,
16,6:34,17:10,2/7/2024,0,,,,,
16,6:51,16:35,2/8/2024,0,,,,,
16,6:39,17:49,2/9/2024,0,,,,,
16,6:58,17:02,2/10/2024,0,,,,,
16,6:34,16:34,2/11/2024,0,,,,,
16,6:38,16:54,2/12/2024,0,,,,,
16,6:33,16:57,2/13/2024,0,,,,,
16,6:58,17:27,2/14/2024,0,,,,,
16,6:38,17:12,2/15/2024,0,,,,,
16,6:30,16:43,2/16/2024,0,,,,,
16,6:57,17:40,2/17/2024,0,,,,,
16,6:56,16:56,2/18/2024,0,,,,,
16,6:54,17:35,2/19/2024,0,,,,,
16,6:37,17:26,2/20/2024,0,,,,,
16,6:33,17:54,2/21/2024,0,,,,,
16,6:33,17:36,2/22/2024,0,,,,,
16,6:32,17:03,2/23/2024,0,,,,,
16,6:52,17:25,2/24/2024,0,,,,,
16,6:44,17:08,2/25/2024,0,,,,,
16,6:34,17:22,2/26/2024,0,,,,,
16,6:34,17:55,2/27/2024,0,,,,,
16,7:05,17:57,2/28/2024,2,,,,,
16,6:34,16:42,3/1/2024,0,,,,,
16,6:54,17:06,3/2/2024,0,,,,,
16,6:43,17:06,3/3/2024,0,,,,,
16,6:49,16:54,3/4/2024,0,,,,,
16,6:59,16:57,3/5/2024,0,,,,,
16,6:50,17:43,3/6/2024,0,,,,,
16,6:49,16:34,3/7/2024,0,,,,,
16,6:44,17:54,3/8/2024,0,,,,,
16,6:40,17:40,3/9/2024,0,,,,,
16,6:36,16:54,3/10/2024,0,,,,,
16,6:34,16:40,3/11/2024,0,,,,,
16,6:58,17:19,3/12/2024,0,,,,,
16,6:54,17:56,3/13/2024,0,,,,,
16,6:37,16:51,3/14/2024,0,,,,,
16,6:47,17:55,3/15/2024,0,,,,,
16,6:52,17:31,3/16/2024,0,,,,,
16,6:50,17:43,3/17/2024,0,,,,,
16,6:47,17:24,3/18/2024,0,,,,,
16,6:31,17:33,3/19/2024,0,,,,,
16,6:52,17:22,3/20/2024,0,,,,,
16,6:52,17:18,3/21/2024,0,,,,,
16,6:37,17:20,3/22/2024,0,,,,,
16,6:35,17:56,3/23/2024,0,,,,,
16,6:37,17:29,3/24/2024,0,,,,,
16,6:40,17:09,3/25/2024,0,,,,,
16,7:12,17:16,3/26/2024,2,,,,,
16,6:31,17:30,3/27/2024,0,,,,,
16,6:47,17:45,3/28/2024,0,,,,,
16,6:55,17:57,3/29/2024,0,,,,,
16,6:38,16:35,3/30/2024,0,,,,,
16,6:30,16:46,3/31/2024,0,,,,,
17,6:43,17:09,2/1/2024,0,,,,,
17,6:46,16:48,2/2/2024,0,,,,,
17,6:37,17:58,2/3/2024,0,,,,,
17,6:38,16:41,2/4/2024,0,,,,,
17,6:50,16:54,2/5/2024,0,,,,,
17,6:53,17:22,2/6/2024,0,,,,,
17,6:48,16:33,2/7/2024,0,,,,,
17,6:33,17:57,2/8/2024,0,,,,,
17,6:57,17:21,2/9/2024,0,,,,,
17,6:31,17:51,2/10/2024,0,,,,,
17,7:08,17:06,2/11/2024,2,,,,,
17,6:30,17:08,2/12/2024,0,,,,,
17,6:33,17:30,2/13/2024,0,,,,,
17,6:43,17:26,2/14/2024,0,,,,,
17,6:44,17:01,2/15/2024,0,,,,,
17,6:54,17:29,2/16/2024,0,,,,,
17,7:21,17:03,2/17/2024,2,,,,,
17,6:58,17:25,2/18/2024,0,,,,,
17,6:40,16:58,2/19/2024,0,,,,,
17,6:45,16:48,2/20/2024,0,,,,,
17,6:45,17:23,2/21/2024,0,,,,,
17,6:35,17:27,2/22/2024,0,,,,,
17,6:54,17:30,2/23/2024,0,,,,,
17,6:46,17:41,2/24/2024,0,,,,,
17,6:33,17:35,2/25/2024,0,,,,,
17,6:52,17:21,2/26/2024,0,,,,,
17,6:34,16:48,2/27/2024,0,,,,,
17,6:56,17:20,2/28/2024,0,,,,,
17,6:55,17:45,3/1/2024,0,,,,,
17,6:41,17:14,3/2/2024,0,,,,,
17,6:57,17:04,3/3/2024,0,,,,,
17,6:41,17:31,3/4/2024,0,,,,,
17,6:56,17:16,3/5/2024,0,,,,,
17,6:35,16:57,3/6/2024,0,,,,,
17,6:58,17:13,3/7/2024,0,,,,,
17,6:30,17:17,3/8/2024,0,,,,,
17,6:32,17:30,3/9/2024,0,,,,,
17,6:34,17:07,3/10/2024,0,,,,,
17,6:58,16:48,3/11/2024,0,,,,,
17,6:57,17:14,3/12/2024,0,,,,,
17,6:42,17:02,3/13/2024,0,,,,,
17,6:54,17:24,3/14/2024,0,,,,,
17,6:46,17:23,3/15/2024,0,,,,,
17,6:36,16:30,3/16/2024,0,,,,,
17,6:31,16:58,3/17/2024,0,,,,,
17,6:40,16:56,3/18/2024,0,,,,,
17,,,3/19/2024,1,,,,,
17,6:35,17:21,3/20/2024,0,,,,,
17,6:35,17:19,3/21/2024,0,,,,,
17,6:49,16:36,3/22/2024,0,,,,,
17,6:48,17:17,3/23/2024,0,,,,,
17,6:54,16:45,3/24/2024,0,,,,,
17,7:15,16:41,3/25/2024,2,,,,,
17,6:47,17:32,3/26/2024,0,,,,,
17,6:34,16:31,3/27/2024,0,,,,,
17,6:46,17:18,3/28/2024,0,,,,,
17,7:04,17:59,3/29/2024,2,,,,,
17,6:54,16:42,3/30/2024,0,,,,,
17,6:54,16:54,3/31/2024,0,,,,,
18,6:46,16:34,2/1/2024,0,,,,,
18,6:57,17:19,2/2/2024,0,,,,,
18,6:30,17:47,2/3/2024,0,,,,,
18,6:42,17:41,2/4/2024,0,,,,,
18,6:38,17:32,2/5/2024,0,,,,,
18,6:32,17:12,2/6/2024,0,,,,,
18,6:55,16:36,2/7/2024,0,,,,,
18,6:55,17:31,2/8/2024,0,,,,,
18,7:06,17:30,2/9/2024,2,,,,,
18,6:46,16:32,2/10/2024,0,,,,,
18,6:44,17:18,2/11/2024,0,,,,,
18,6:51,16:39,2/12/2024,0,,,,,
18,6:30,17:03,2/13/2024,0,,,,,
18,6:39,16:44,2/14/2024,0,,,,,
18,6:37,16:52,2/15/2024,0,,,,,
18,6:39,17:00,2/16/2024,0,,,,,
18,6:47,17:37,2/17/2024,0,,,,,
18,6:51,17:44,2/18/2024,0,,,,,
18,,,2/19/2024,1,,,,,
18,6:58,16:59,2/20/2024,0,,,,,
18,6:55,16:41,2/21/2024,0,,,,,
18,6:37,17:55,2/22/2024,0,,,,,
18,6:30,17:33,2/23/2024,0,,,,,
18,6:32,17:32,2/24/2024,0,,,,,
18,7:20,16:47,2/25/2024,2,,,,,
18,6:57,16:33,2/26/2024,0,,,,,
18,6:43,16:39,2/27/2024,0,,,,,
18,6:42,16:53,2/28/2024,0,,,,,
18,6:35,16:41,3/1/2024,0,,,,,
18,6:56,17:07,3/2/2024,0,,,,,
18,6:53,17:07,3/3/2024,0,,,,,
18,6:51,16:34,3/4/2024,0,,,,,
18,6:47,17:02,3/5/2024,0,,,,,
18,6:55,17:03,3/6/2024,0,,,,,
18,6:52,17:38,3/7/2024,0,,,,,
18,6:56,17:42,3/8/2024,0,,,,,
18,7:20,16:43,3/9/2024,2,,,,,
18,6:33,16:33,3/10/2024,0,,,,,
18,6:50,17:46,3/11/2024,0,,,,,
18,6:42,16:30,3/12/2024,0,,,,,
18,6:47,16:52,3/13/2024,0,,,,,
18,6:31,16:53,3/14/2024,0,,,,,
18,6:45,17:18,3/15/2024,0,,,,,
18,6:57,16:43,3/16/2024,0,,,,,
18,6:30,17:52,3/17/2024,0,,,,,
18,6:57,17:59,3/18/2024,0,,,,,
18,6:49,16:41,3/19/2024,0,,,,,
18,6:31,17:03,3/20/2024,0,,,,,
18,6:58,16:44,3/21/2024,0,,,,,
18,6:57,17:24,3/22/2024,0,,,,,
18,6:35,17:34,3/23/2024,0,,,,,
18,6:46,16:41,3/24/2024,0,,,,,
18,6:49,17:26,3/25/2024,0,,,,,
18,6:50,17:19,3/26/2024,0,,,,,
18,6:47,16:59,3/27/2024,0,,,,,
18,6:42,17:25,3/28/2024,0,,,,,
18,6:59,16:37,3/29/2024,0,,,,,
18,6:57,17:29,3/30/2024,0,,,,,
18,6:40,17:12,3/31/2024,0,,,,,
19,6:52,17:44,2/1/2024,0,,,,,
19,6:44,17:20,2/2/2024,0,,,,,
19,6:54,17:49,2/3/2024,0,,,,,
19,6:30,17:10,2/4/2024,0,,,,,
19,6:38,16:45,2/5/2024,0,,,,,
19,6:31,17:27,2/6/2024,0,,,,,
19,6:47,16:36,2/7/2024,0,,,,,
19,6:35,17:59,2/8/2024,0,,,,,
19,7:03,17:21,2/9/2024,2,,,,,
19,6:45,17:28,2/10/2024,0,,,,,
19,6:50,16:53,2/11/2024,0,,,,,
19,6:34,16:32,2/12/2024,0,,,,,
19,6:48,17:40,2/13/2024,0,,,,,
19,6:46,17:29,2/14/2024,0,,,,,
19,6:55,17:44,2/15/2024,0,,,,,
19,6:33,17:47,2/16/2024,0,,,,,
19,6:35,17:26,2/17/2024,0,,,,,
19,7:07,17:58,2/18/2024,2,,,,,
19,6:55,17:18,2/19/2024,0,,,,,
19,6:57,16:45,2/20/2024,0,,,,,
19,6:45,17:39,2/21/2024,0,,,,,
19,6:32,17:03,2/22/2024,0,,,,,
19,6:32,17:18,2/23/2024,0,,,,,
19,6:53,17:47,2/24/2024,0,,,,,
19,6:58,17:23,2/25/2024,0,,,,,
19,6:49,17:10,2/26/2024,0,,,,,
19,6:50,17:40,2/27/2024,0,,,,,
19,6:42,17:38,2/28/2024,0,,,,,
19,6:55,16:49,3/1/2024,0,,,,,
19,6:42,16:50,3/2/2024,0,,,,,
19,6:52,17:13,3/3/2024,0,,,,,
19,6:38,17:59,3/4/2024,0,,,,,
19,6:43,17:27,3/5/2024,0,,,,,
19,6:33,17:13,3/6/2024,0,,,,,
19,6:35,17:32,3/7/2024,0,,,,,
19,6:53,17:20,3/8/2024,0,,,,,
19,6:30,16:41,3/9/2024,0,,,,,
19,6:43,17:44,3/10/2024,0,,,,,
19,6:44,16:51,3/11/2024,0,,,,,
19,6:50,17:02,3/12/2024,0,,,,,
19,6:59,17:45,3/13/2024,0,,,,,
19,6:36,17:25,3/14/2024,0,,,,,
19,6:32,17:20,3/15/2024,0,,,,,
19,6:51,16:45,3/16/2024,0,,,,,
19,6:53,17:57,3/17/2024,0,,,,,
19,6:37,16:38,3/18/2024,0,,,,,
19,6:47,17:19,3/19/2024,0,,,,,
19,6:31,16:45,3/20/2024,0,,,,,
19,6:57,16:43,3/21/2024,0,,,,,
19,6:52,17:11,3/22/2024,0,,,,,
19,7:07,16:31,3/23/2024,2,,,,,
19,6:35,17:00,3/24/2024,0,,,,,
19,6:44,17:48,3/25/2024,0,,,,,
19,6:46,16:40,3/26/2024,0,,,,,
19,6:41,17:30,3/27/2024,0,,,,,
19,6:41,17:03,3/28/2024,0,,,,,
19,6:59,17:59,3/29/2024,0,,,,,
19,6:57,17:07,3/30/2024,0,,,,,
19,6:33,17:07,3/31/2024,0,,,,,
20,6:45,17:52,2/1/2024,0,,,,,
20,6:42,17:28,2/2/2024,0,,,,,
20,6:30,17:18,2/3/2024,0,,,,,
20,6:57,16:43,2/4/2024,0,,,,,
20,6:50,16:57,2/5/2024,0,,,,,
20,6:44,17:24,2/6/2024,0,,,,,
20,6:48,16:53,2/7/2024,0,,,,,
20,6:37,17:07,2/8/2024,0,,,,,
20,6:58,17:44,2/9/2024,0,,,,,
20,6:40,16:48,2/10/2024,0,,,,,
20,6:30,17:40,2/11/2024,0,,,,,
20,6:54,16:30,2/12/2024,0,,,,,
20,6:50,17:05,2/13/2024,0,,,,,
20,6:53,16:34,2/14/2024,0,,,,,
20,6:50,17:44,2/15/2024,0,,,,,
20,6:30,16:47,2/16/2024,0,,,,,
20,6:34,16:57,2/17/2024,0,,,,,
20,6:56,17:31,2/18/2024,0,,,,,
20,7:04,16:49,2/19/2024,2,,,,,
20,6:30,17:47,2/20/2024,0,,,,,
20,,,2/21/2024,1,,,,,
20,6:37,17:35,2/22/2024,0,,,,,
20,6:59,16:30,2/23/2024,0,,,,,
20,6:51,17:56,2/24/2024,0,,,,,
20,6:32,16:44,2/25/2024,0,,,,,
20,6:33,17:41,2/26/2024,0,,,,,
20,6:36,16:43,2/27/2024,0,,,,,
20,6:41,16:31,2/28/2024,0,,,,,
20,6:34,17:16,3/1/2024,0,,,,,
20,6:42,17:57,3/2/2024,0,,,,,
20,6:34,17:52,3/3/2024,0,,,,,
20,6:35,16:35,3/4/2024,0,,,,,
20,6:36,16:51,3/5/2024,0,,,,,
20,6:59,17:51,3/6/2024,0,,,,,
20,6:31,16:46,3/7/2024,0,,,,,
20,6:38,17:35,3/8/2024,0,,,,,
20,6:45,16:56,3/9/2024,0,,,,,
20,6:42,17:46,3/10/2024,0,,,,,
20,,,3/11/2024,1,,,,,
20,6:58,17:56,3/12/2024,0,,,,,
20,6:53,16:54,3/13/2024,0,,,,,
20,6:41,16:43,3/14/2024,0,,,,,
20,6:50,17:29,3/15/2024,0,,,,,
20,6:38,17:27,3/16/2024,0,,,,,
20,6:37,17:54,3/17/2024,0,,,,,
20,6:36,17:04,3/18/2024,0,,,,,
20,6:56,17:42,3/19/2024,0,,,,,
20,6:36,17:24,3/20/2024,0,,,,,
20,6:48,16:55,3/21/2024,0,,,,,
20,6:35,17:25,3/22/2024,0,,,,,
20,7:11,17:49,3/23/2024,2,,,,,
20,6:46,17:22,3/24/2024,0,,,,,
20,6:59,17:35,3/25/2024,0,,,,,
20,6:52,17:33,3/26/2024,0,,,,,
20,6:43,17:04,3/27/2024,0,,,,,
20,6:58,16:34,3/28/2024,0,,,,,
20,6:39,17:43,3/29/2024,0,,,,,
20,6:49,16:32,3/30/2024,0,,,,,
20,6:34,16:45,3/31/2024,0,,,,,
